sample_id,treatment,diameter_mm,gauge_length_mm,force_N,displacement_mm
S01,annealed,5.02,25.0,0.0,0.0
S01,annealed,5.02,25.0,3266.67,0.05987
S01,annealed,5.02,25.0,4475.874,0.11975
S01,annealed,5.02,25.0,4603.305,0.17962
S01,annealed,5.02,25.0,4572.867,0.2395
S01,annealed,5.02,25.0,4712.475,0.29937
S01,annealed,5.02,25.0,4885.833,0.35924
S01,annealed,5.02,25.0,4961.779,0.41912
S01,annealed,5.02,25.0,5070.049,0.47899
S01,annealed,5.02,25.0,5117.861,0.53887
S01,annealed,5.02,25.0,5288.706,0.59874
S01,annealed,5.02,25.0,5364.919,0.65861
S01,annealed,5.02,25.0,5407.234,0.71849
S01,annealed,5.02,25.0,5533.742,0.77836
S01,annealed,5.02,25.0,5571.72,0.83824
S01,annealed,5.02,25.0,5573.47,0.89811
S01,annealed,5.02,25.0,5698.561,0.95798
S01,annealed,5.02,25.0,5694.262,1.01786
S01,annealed,5.02,25.0,5843.767,1.07773
S01,annealed,5.02,25.0,5853.75,1.13761
S01,annealed,5.02,25.0,5900.443,1.19748
S01,annealed,5.02,25.0,5926.832,1.25735
S01,annealed,5.02,25.0,6069.629,1.31723
S01,annealed,5.02,25.0,6047.885,1.3771
S01,annealed,5.02,25.0,6078.615,1.43697
S01,annealed,5.02,25.0,6124.644,1.49685
S01,annealed,5.02,25.0,6208.738,1.55672
S01,annealed,5.02,25.0,6238.973,1.6166
S01,annealed,5.02,25.0,6278.049,1.67647
S01,annealed,5.02,25.0,6314.004,1.73634
S01,annealed,5.02,25.0,6432.118,1.79622
S01,annealed,5.02,25.0,6337.973,1.85609
S01,annealed,5.02,25.0,6363.215,1.91597
S01,annealed,5.02,25.0,6377.383,1.97584
S01,annealed,5.02,25.0,6475.889,2.03571
S01,annealed,5.02,25.0,6527.768,2.09559
S01,annealed,5.02,25.0,6491.553,2.15546
S01,annealed,5.02,25.0,6479.753,2.21534
S01,annealed,5.02,25.0,6503.561,2.27521
S01,annealed,5.02,25.0,6598.531,2.33508
S01,annealed,5.02,25.0,6624.095,2.39496
S01,annealed,5.02,25.0,6634.216,2.45483
S01,annealed,5.02,25.0,6593.519,2.51471
S01,annealed,5.02,25.0,6656.174,2.57458
S01,annealed,5.02,25.0,6667.866,2.63445
S01,annealed,5.02,25.0,6689.525,2.69433
S01,annealed,5.02,25.0,6737.677,2.7542
S01,annealed,5.02,25.0,6720.752,2.81408
S01,annealed,5.02,25.0,6757.722,2.87395
S01,annealed,5.02,25.0,6741.255,2.93382
S01,annealed,5.02,25.0,6765.37,2.9937
S01,annealed,5.02,25.0,6794.855,3.05357
S01,annealed,5.02,25.0,6703.497,3.11345
S01,annealed,5.02,25.0,6771.215,3.17332
S01,annealed,5.02,25.0,6774.671,3.23319
S01,annealed,5.02,25.0,6776.749,3.29307
S01,annealed,5.02,25.0,6804.686,3.35294
S01,annealed,5.02,25.0,6901.758,3.41282
S01,annealed,5.02,25.0,6793.999,3.47269
S01,annealed,5.02,25.0,6893.393,3.53256
S01,annealed,5.02,25.0,6770.459,3.59244
S01,annealed,5.02,25.0,6845.029,3.65231
S01,annealed,5.02,25.0,6877.164,3.71218
S01,annealed,5.02,25.0,6905.287,3.77206
S01,annealed,5.02,25.0,6918.314,3.83193
S01,annealed,5.02,25.0,6928.908,3.89181
S01,annealed,5.02,25.0,6878.629,3.95168
S01,annealed,5.02,25.0,6878.954,4.01155
S01,annealed,5.02,25.0,6949.962,4.07143
S01,annealed,5.02,25.0,6903.46,4.1313
S01,annealed,5.02,25.0,6854.974,4.19118
S01,annealed,5.02,25.0,6866.955,4.25105
S01,annealed,5.02,25.0,6882.246,4.31092
S01,annealed,5.02,25.0,6956.836,4.3708
S01,annealed,5.02,25.0,6943.573,4.43067
S01,annealed,5.02,25.0,6974.785,4.49055
S01,annealed,5.02,25.0,6923.386,4.55042
S01,annealed,5.02,25.0,6956.101,4.61029
S01,annealed,5.02,25.0,6982.77,4.67017
S01,annealed,5.02,25.0,6939.905,4.73004
S01,annealed,5.02,25.0,6981.055,4.78992
S01,annealed,5.02,25.0,6928.795,4.84979
S01,annealed,5.02,25.0,6946.536,4.90966
S01,annealed,5.02,25.0,6948.429,4.96954
S01,annealed,5.02,25.0,6910.836,5.02941
S01,annealed,5.02,25.0,6996.67,5.08929
S01,annealed,5.02,25.0,6951.798,5.14916
S01,annealed,5.02,25.0,6977.981,5.20903
S01,annealed,5.02,25.0,7003.382,5.26891
S01,annealed,5.02,25.0,7003.818,5.32878
S01,annealed,5.02,25.0,7016.68,5.38866
S01,annealed,5.02,25.0,6980.823,5.44853
S01,annealed,5.02,25.0,6966.602,5.5084
S01,annealed,5.02,25.0,6985.369,5.56828
S01,annealed,5.02,25.0,6907.509,5.62815
S01,annealed,5.02,25.0,6921.005,5.68803
S01,annealed,5.02,25.0,6928.697,5.7479
S01,annealed,5.02,25.0,6946.267,5.80777
S01,annealed,5.02,25.0,7008.216,5.86765
S01,annealed,5.02,25.0,6906.346,5.92752
S01,annealed,5.02,25.0,6881.358,5.98739
S01,annealed,5.02,25.0,6903.562,6.04727
S01,annealed,5.02,25.0,6753.007,6.10714
S01,annealed,5.02,25.0,6731.776,6.16702
S01,annealed,5.02,25.0,6567.8,6.22689
S01,annealed,5.02,25.0,6517.185,6.28676
S01,annealed,5.02,25.0,6388.782,6.34664
S01,annealed,5.02,25.0,6322.901,6.40651
S01,annealed,5.02,25.0,6280.884,6.46639
S01,annealed,5.02,25.0,6049.457,6.52626
S01,annealed,5.02,25.0,6048.251,6.58613
S01,annealed,5.02,25.0,5926.741,6.64601
S01,annealed,5.02,25.0,5770.359,6.70588
S01,annealed,5.02,25.0,5609.69,6.76576
S01,annealed,5.02,25.0,5563.128,6.82563
S01,annealed,5.02,25.0,5408.628,6.8855
S01,annealed,5.02,25.0,5318.668,6.94538
S01,annealed,5.02,25.0,5177.718,7.00525
S01,annealed,5.02,25.0,5122.62,7.06513
S01,annealed,5.02,25.0,4895.573,7.125
S02,annealed,4.98,25.0,0.0,0.0
S02,annealed,4.98,25.0,3045.036,0.05567
S02,annealed,4.98,25.0,4645.638,0.11134
S02,annealed,4.98,25.0,4813.985,0.16702
S02,annealed,4.98,25.0,4896.189,0.22269
S02,annealed,4.98,25.0,4975.712,0.27836
S02,annealed,4.98,25.0,5127.712,0.33403
S02,annealed,4.98,25.0,5092.214,0.38971
S02,annealed,4.98,25.0,5208.323,0.44538
S02,annealed,4.98,25.0,5279.654,0.50105
S02,annealed,4.98,25.0,5387.199,0.55672
S02,annealed,4.98,25.0,5416.837,0.61239
S02,annealed,4.98,25.0,5588.955,0.66807
S02,annealed,4.98,25.0,5617.973,0.72374
S02,annealed,4.98,25.0,5624.712,0.77941
S02,annealed,4.98,25.0,5711.339,0.83508
S02,annealed,4.98,25.0,5837.58,0.89076
S02,annealed,4.98,25.0,5921.839,0.94643
S02,annealed,4.98,25.0,6034.293,1.0021
S02,annealed,4.98,25.0,6132.433,1.05777
S02,annealed,4.98,25.0,6061.761,1.11345
S02,annealed,4.98,25.0,6042.107,1.16912
S02,annealed,4.98,25.0,6032.962,1.22479
S02,annealed,4.98,25.0,6194.189,1.28046
S02,annealed,4.98,25.0,6183.912,1.33613
S02,annealed,4.98,25.0,6243.687,1.39181
S02,annealed,4.98,25.0,6272.678,1.44748
S02,annealed,4.98,25.0,6332.44,1.50315
S02,annealed,4.98,25.0,6426.337,1.55882
S02,annealed,4.98,25.0,6415.606,1.6145
S02,annealed,4.98,25.0,6432.235,1.67017
S02,annealed,4.98,25.0,6420.069,1.72584
S02,annealed,4.98,25.0,6418.099,1.78151
S02,annealed,4.98,25.0,6503.786,1.83718
S02,annealed,4.98,25.0,6551.398,1.89286
S02,annealed,4.98,25.0,6665.446,1.94853
S02,annealed,4.98,25.0,6609.882,2.0042
S02,annealed,4.98,25.0,6674.473,2.05987
S02,annealed,4.98,25.0,6624.332,2.11555
S02,annealed,4.98,25.0,6611.966,2.17122
S02,annealed,4.98,25.0,6642.734,2.22689
S02,annealed,4.98,25.0,6673.564,2.28256
S02,annealed,4.98,25.0,6830.802,2.33824
S02,annealed,4.98,25.0,6704.598,2.39391
S02,annealed,4.98,25.0,6802.073,2.44958
S02,annealed,4.98,25.0,6733.16,2.50525
S02,annealed,4.98,25.0,6837.654,2.56092
S02,annealed,4.98,25.0,6825.506,2.6166
S02,annealed,4.98,25.0,6812.944,2.67227
S02,annealed,4.98,25.0,6831.767,2.72794
S02,annealed,4.98,25.0,6814.446,2.78361
S02,annealed,4.98,25.0,6880.058,2.83929
S02,annealed,4.98,25.0,6847.639,2.89496
S02,annealed,4.98,25.0,6821.049,2.95063
S02,annealed,4.98,25.0,6828.937,3.0063
S02,annealed,4.98,25.0,6909.531,3.06197
S02,annealed,4.98,25.0,6987.528,3.11765
S02,annealed,4.98,25.0,6927.497,3.17332
S02,annealed,4.98,25.0,6922.587,3.22899
S02,annealed,4.98,25.0,6950.547,3.28466
S02,annealed,4.98,25.0,7008.111,3.34034
S02,annealed,4.98,25.0,6962.725,3.39601
S02,annealed,4.98,25.0,6939.216,3.45168
S02,annealed,4.98,25.0,7019.953,3.50735
S02,annealed,4.98,25.0,6993.504,3.56303
S02,annealed,4.98,25.0,7053.655,3.6187
S02,annealed,4.98,25.0,6993.753,3.67437
S02,annealed,4.98,25.0,6930.893,3.73004
S02,annealed,4.98,25.0,6929.324,3.78571
S02,annealed,4.98,25.0,7081.521,3.84139
S02,annealed,4.98,25.0,7090.008,3.89706
S02,annealed,4.98,25.0,7002.051,3.95273
S02,annealed,4.98,25.0,6996.637,4.0084
S02,annealed,4.98,25.0,7090.761,4.06408
S02,annealed,4.98,25.0,6969.79,4.11975
S02,annealed,4.98,25.0,6984.044,4.17542
S02,annealed,4.98,25.0,7062.677,4.23109
S02,annealed,4.98,25.0,7015.701,4.28676
S02,annealed,4.98,25.0,7038.071,4.34244
S02,annealed,4.98,25.0,7033.61,4.39811
S02,annealed,4.98,25.0,7061.107,4.45378
S02,annealed,4.98,25.0,7116.166,4.50945
S02,annealed,4.98,25.0,7054.863,4.56513
S02,annealed,4.98,25.0,7084.504,4.6208
S02,annealed,4.98,25.0,6955.885,4.67647
S02,annealed,4.98,25.0,7055.802,4.73214
S02,annealed,4.98,25.0,7019.455,4.78782
S02,annealed,4.98,25.0,7003.402,4.84349
S02,annealed,4.98,25.0,7022.125,4.89916
S02,annealed,4.98,25.0,7050.653,4.95483
S02,annealed,4.98,25.0,7113.468,5.0105
S02,annealed,4.98,25.0,7006.133,5.06618
S02,annealed,4.98,25.0,7073.985,5.12185
S02,annealed,4.98,25.0,7050.606,5.17752
S02,annealed,4.98,25.0,7059.839,5.23319
S02,annealed,4.98,25.0,7126.164,5.28887
S02,annealed,4.98,25.0,7105.007,5.34454
S02,annealed,4.98,25.0,7145.331,5.40021
S02,annealed,4.98,25.0,7065.343,5.45588
S02,annealed,4.98,25.0,7001.176,5.51155
S02,annealed,4.98,25.0,6972.408,5.56723
S02,annealed,4.98,25.0,6933.535,5.6229
S02,annealed,4.98,25.0,6860.808,5.67857
S02,annealed,4.98,25.0,6723.098,5.73424
S02,annealed,4.98,25.0,6698.001,5.78992
S02,annealed,4.98,25.0,6616.979,5.84559
S02,annealed,4.98,25.0,6635.756,5.90126
S02,annealed,4.98,25.0,6507.257,5.95693
S02,annealed,4.98,25.0,6272.705,6.01261
S02,annealed,4.98,25.0,6194.598,6.06828
S02,annealed,4.98,25.0,6027.832,6.12395
S02,annealed,4.98,25.0,5957.186,6.17962
S02,annealed,4.98,25.0,5884.694,6.23529
S02,annealed,4.98,25.0,5808.086,6.29097
S02,annealed,4.98,25.0,5590.702,6.34664
S02,annealed,4.98,25.0,5468.107,6.40231
S02,annealed,4.98,25.0,5266.178,6.45798
S02,annealed,4.98,25.0,5230.723,6.51366
S02,annealed,4.98,25.0,5052.026,6.56933
S02,annealed,4.98,25.0,4940.393,6.625
S03,quenched,5.01,25.0,0.0,0.0
S03,quenched,5.01,25.0,1465.589,0.02626
S03,quenched,5.01,25.0,2853.842,0.05252
S03,quenched,5.01,25.0,4338.403,0.07878
S03,quenched,5.01,25.0,5985.877,0.10504
S03,quenched,5.01,25.0,7287.725,0.1313
S03,quenched,5.01,25.0,7721.326,0.15756
S03,quenched,5.01,25.0,7974.336,0.18382
S03,quenched,5.01,25.0,8130.459,0.21008
S03,quenched,5.01,25.0,8028.307,0.23634
S03,quenched,5.01,25.0,8162.153,0.26261
S03,quenched,5.01,25.0,8287.091,0.28887
S03,quenched,5.01,25.0,8441.307,0.31513
S03,quenched,5.01,25.0,8389.411,0.34139
S03,quenched,5.01,25.0,8504.159,0.36765
S03,quenched,5.01,25.0,8629.19,0.39391
S03,quenched,5.01,25.0,8683.536,0.42017
S03,quenched,5.01,25.0,8711.55,0.44643
S03,quenched,5.01,25.0,8788.372,0.47269
S03,quenched,5.01,25.0,8789.127,0.49895
S03,quenched,5.01,25.0,8904.245,0.52521
S03,quenched,5.01,25.0,8959.254,0.55147
S03,quenched,5.01,25.0,9037.652,0.57773
S03,quenched,5.01,25.0,9050.214,0.60399
S03,quenched,5.01,25.0,9149.851,0.63025
S03,quenched,5.01,25.0,9223.315,0.65651
S03,quenched,5.01,25.0,9225.723,0.68277
S03,quenched,5.01,25.0,9278.02,0.70903
S03,quenched,5.01,25.0,9303.981,0.73529
S03,quenched,5.01,25.0,9340.188,0.76155
S03,quenched,5.01,25.0,9341.673,0.78782
S03,quenched,5.01,25.0,9428.194,0.81408
S03,quenched,5.01,25.0,9441.549,0.84034
S03,quenched,5.01,25.0,9581.713,0.8666
S03,quenched,5.01,25.0,9586.834,0.89286
S03,quenched,5.01,25.0,9557.647,0.91912
S03,quenched,5.01,25.0,9529.024,0.94538
S03,quenched,5.01,25.0,9538.529,0.97164
S03,quenched,5.01,25.0,9677.56,0.9979
S03,quenched,5.01,25.0,9656.146,1.02416
S03,quenched,5.01,25.0,9690.09,1.05042
S03,quenched,5.01,25.0,9602.617,1.07668
S03,quenched,5.01,25.0,9755.464,1.10294
S03,quenched,5.01,25.0,9752.346,1.1292
S03,quenched,5.01,25.0,9694.497,1.15546
S03,quenched,5.01,25.0,9744.379,1.18172
S03,quenched,5.01,25.0,9798.169,1.20798
S03,quenched,5.01,25.0,9804.512,1.23424
S03,quenched,5.01,25.0,9803.517,1.2605
S03,quenched,5.01,25.0,9828.077,1.28676
S03,quenched,5.01,25.0,9835.323,1.31303
S03,quenched,5.01,25.0,9869.161,1.33929
S03,quenched,5.01,25.0,9947.429,1.36555
S03,quenched,5.01,25.0,9761.074,1.39181
S03,quenched,5.01,25.0,9887.98,1.41807
S03,quenched,5.01,25.0,9919.885,1.44433
S03,quenched,5.01,25.0,9936.78,1.47059
S03,quenched,5.01,25.0,9914.367,1.49685
S03,quenched,5.01,25.0,9856.144,1.52311
S03,quenched,5.01,25.0,9968.455,1.54937
S03,quenched,5.01,25.0,10046.552,1.57563
S03,quenched,5.01,25.0,9894.542,1.60189
S03,quenched,5.01,25.0,10021.027,1.62815
S03,quenched,5.01,25.0,9970.201,1.65441
S03,quenched,5.01,25.0,9990.946,1.68067
S03,quenched,5.01,25.0,9949.308,1.70693
S03,quenched,5.01,25.0,9991.616,1.73319
S03,quenched,5.01,25.0,10078.757,1.75945
S03,quenched,5.01,25.0,10049.687,1.78571
S03,quenched,5.01,25.0,10112.345,1.81197
S03,quenched,5.01,25.0,10090.723,1.83824
S03,quenched,5.01,25.0,10059.799,1.8645
S03,quenched,5.01,25.0,10129.322,1.89076
S03,quenched,5.01,25.0,10069.987,1.91702
S03,quenched,5.01,25.0,10093.908,1.94328
S03,quenched,5.01,25.0,10043.018,1.96954
S03,quenched,5.01,25.0,10065.241,1.9958
S03,quenched,5.01,25.0,10031.719,2.02206
S03,quenched,5.01,25.0,10118.802,2.04832
S03,quenched,5.01,25.0,10015.721,2.07458
S03,quenched,5.01,25.0,10115.939,2.10084
S03,quenched,5.01,25.0,10071.412,2.1271
S03,quenched,5.01,25.0,10141.801,2.15336
S03,quenched,5.01,25.0,10124.204,2.17962
S03,quenched,5.01,25.0,10179.905,2.20588
S03,quenched,5.01,25.0,10129.034,2.23214
S03,quenched,5.01,25.0,10018.255,2.2584
S03,quenched,5.01,25.0,10095.02,2.28466
S03,quenched,5.01,25.0,10043.029,2.31092
S03,quenched,5.01,25.0,10077.606,2.33718
S03,quenched,5.01,25.0,10179.879,2.36345
S03,quenched,5.01,25.0,10138.967,2.38971
S03,quenched,5.01,25.0,10075.151,2.41597
S03,quenched,5.01,25.0,10061.594,2.44223
S03,quenched,5.01,25.0,10115.036,2.46849
S03,quenched,5.01,25.0,10055.246,2.49475
S03,quenched,5.01,25.0,10083.827,2.52101
S03,quenched,5.01,25.0,10133.904,2.54727
S03,quenched,5.01,25.0,10164.623,2.57353
S03,quenched,5.01,25.0,10083.362,2.59979
S03,quenched,5.01,25.0,9866.199,2.62605
S03,quenched,5.01,25.0,9905.868,2.65231
S03,quenched,5.01,25.0,9794.846,2.67857
S03,quenched,5.01,25.0,9702.442,2.70483
S03,quenched,5.01,25.0,9643.886,2.73109
S03,quenched,5.01,25.0,9337.01,2.75735
S03,quenched,5.01,25.0,9276.94,2.78361
S03,quenched,5.01,25.0,9196.006,2.80987
S03,quenched,5.01,25.0,8943.611,2.83613
S03,quenched,5.01,25.0,8943.196,2.86239
S03,quenched,5.01,25.0,8732.04,2.88866
S03,quenched,5.01,25.0,8593.841,2.91492
S03,quenched,5.01,25.0,8357.249,2.94118
S03,quenched,5.01,25.0,8254.011,2.96744
S03,quenched,5.01,25.0,8090.517,2.9937
S03,quenched,5.01,25.0,7868.894,3.01996
S03,quenched,5.01,25.0,7684.286,3.04622
S03,quenched,5.01,25.0,7497.273,3.07248
S03,quenched,5.01,25.0,7248.644,3.09874
S03,quenched,5.01,25.0,7087.312,3.125
S04,aged,5.0,25.0,0.0,0.0
S04,aged,5.0,25.0,2170.827,0.03887
S04,aged,5.0,25.0,4353.094,0.07773
S04,aged,5.0,25.0,6333.848,0.1166
S04,aged,5.0,25.0,6504.853,0.15546
S04,aged,5.0,25.0,6703.181,0.19433
S04,aged,5.0,25.0,6707.981,0.23319
S04,aged,5.0,25.0,6812.94,0.27206
S04,aged,5.0,25.0,6967.09,0.31092
S04,aged,5.0,25.0,7097.728,0.34979
S04,aged,5.0,25.0,7151.439,0.38866
S04,aged,5.0,25.0,7306.397,0.42752
S04,aged,5.0,25.0,7369.386,0.46639
S04,aged,5.0,25.0,7450.886,0.50525
S04,aged,5.0,25.0,7515.248,0.54412
S04,aged,5.0,25.0,7677.212,0.58298
S04,aged,5.0,25.0,7624.371,0.62185
S04,aged,5.0,25.0,7604.321,0.66071
S04,aged,5.0,25.0,7846.533,0.69958
S04,aged,5.0,25.0,7807.463,0.73845
S04,aged,5.0,25.0,7894.536,0.77731
S04,aged,5.0,25.0,8010.129,0.81618
S04,aged,5.0,25.0,7921.219,0.85504
S04,aged,5.0,25.0,7989.989,0.89391
S04,aged,5.0,25.0,8022.034,0.93277
S04,aged,5.0,25.0,8108.618,0.97164
S04,aged,5.0,25.0,8214.002,1.0105
S04,aged,5.0,25.0,8260.929,1.04937
S04,aged,5.0,25.0,8289.585,1.08824
S04,aged,5.0,25.0,8245.638,1.1271
S04,aged,5.0,25.0,8238.776,1.16597
S04,aged,5.0,25.0,8390.331,1.20483
S04,aged,5.0,25.0,8398.376,1.2437
S04,aged,5.0,25.0,8476.411,1.28256
S04,aged,5.0,25.0,8519.17,1.32143
S04,aged,5.0,25.0,8520.943,1.36029
S04,aged,5.0,25.0,8579.572,1.39916
S04,aged,5.0,25.0,8580.33,1.43803
S04,aged,5.0,25.0,8620.695,1.47689
S04,aged,5.0,25.0,8584.514,1.51576
S04,aged,5.0,25.0,8633.602,1.55462
S04,aged,5.0,25.0,8674.33,1.59349
S04,aged,5.0,25.0,8726.184,1.63235
S04,aged,5.0,25.0,8686.847,1.67122
S04,aged,5.0,25.0,8751.1,1.71008
S04,aged,5.0,25.0,8730.929,1.74895
S04,aged,5.0,25.0,8755.828,1.78782
S04,aged,5.0,25.0,8819.132,1.82668
S04,aged,5.0,25.0,8696.627,1.86555
S04,aged,5.0,25.0,8746.137,1.90441
S04,aged,5.0,25.0,8751.638,1.94328
S04,aged,5.0,25.0,8723.795,1.98214
S04,aged,5.0,25.0,8818.366,2.02101
S04,aged,5.0,25.0,8901.156,2.05987
S04,aged,5.0,25.0,8862.511,2.09874
S04,aged,5.0,25.0,8897.779,2.13761
S04,aged,5.0,25.0,8952.583,2.17647
S04,aged,5.0,25.0,8974.832,2.21534
S04,aged,5.0,25.0,8916.327,2.2542
S04,aged,5.0,25.0,8995.768,2.29307
S04,aged,5.0,25.0,8943.011,2.33193
S04,aged,5.0,25.0,8906.13,2.3708
S04,aged,5.0,25.0,8926.406,2.40966
S04,aged,5.0,25.0,8890.875,2.44853
S04,aged,5.0,25.0,8927.558,2.48739
S04,aged,5.0,25.0,8960.837,2.52626
S04,aged,5.0,25.0,9024.783,2.56513
S04,aged,5.0,25.0,9076.415,2.60399
S04,aged,5.0,25.0,8930.408,2.64286
S04,aged,5.0,25.0,9023.559,2.68172
S04,aged,5.0,25.0,8958.945,2.72059
S04,aged,5.0,25.0,9038.808,2.75945
S04,aged,5.0,25.0,9014.306,2.79832
S04,aged,5.0,25.0,8935.861,2.83718
S04,aged,5.0,25.0,9076.071,2.87605
S04,aged,5.0,25.0,9005.355,2.91492
S04,aged,5.0,25.0,9013.187,2.95378
S04,aged,5.0,25.0,8991.028,2.99265
S04,aged,5.0,25.0,9015.378,3.03151
S04,aged,5.0,25.0,9072.273,3.07038
S04,aged,5.0,25.0,9045.583,3.10924
S04,aged,5.0,25.0,9074.444,3.14811
S04,aged,5.0,25.0,9079.358,3.18697
S04,aged,5.0,25.0,9129.552,3.22584
S04,aged,5.0,25.0,9050.886,3.26471
S04,aged,5.0,25.0,8998.07,3.30357
S04,aged,5.0,25.0,9125.675,3.34244
S04,aged,5.0,25.0,9059.614,3.3813
S04,aged,5.0,25.0,9133.078,3.42017
S04,aged,5.0,25.0,9099.552,3.45903
S04,aged,5.0,25.0,9076.554,3.4979
S04,aged,5.0,25.0,9102.268,3.53676
S04,aged,5.0,25.0,9182.975,3.57563
S04,aged,5.0,25.0,9191.122,3.6145
S04,aged,5.0,25.0,9094.448,3.65336
S04,aged,5.0,25.0,9100.694,3.69223
S04,aged,5.0,25.0,9147.368,3.73109
S04,aged,5.0,25.0,9054.655,3.76996
S04,aged,5.0,25.0,9102.928,3.80882
S04,aged,5.0,25.0,9036.608,3.84769
S04,aged,5.0,25.0,8986.671,3.88655
S04,aged,5.0,25.0,8851.126,3.92542
S04,aged,5.0,25.0,8724.595,3.96429
S04,aged,5.0,25.0,8602.741,4.00315
S04,aged,5.0,25.0,8543.822,4.04202
S04,aged,5.0,25.0,8463.374,4.08088
S04,aged,5.0,25.0,8352.34,4.11975
S04,aged,5.0,25.0,8336.758,4.15861
S04,aged,5.0,25.0,8165.363,4.19748
S04,aged,5.0,25.0,7928.055,4.23634
S04,aged,5.0,25.0,7851.637,4.27521
S04,aged,5.0,25.0,7669.195,4.31408
S04,aged,5.0,25.0,7525.36,4.35294
S04,aged,5.0,25.0,7394.28,4.39181
S04,aged,5.0,25.0,7257.332,4.43067
S04,aged,5.0,25.0,7048.085,4.46954
S04,aged,5.0,25.0,6950.942,4.5084
S04,aged,5.0,25.0,6672.957,4.54727
S04,aged,5.0,25.0,6556.038,4.58613
S04,aged,5.0,25.0,6506.486,4.625
S05,as_received,4.99,25.0,0.0,0.0
S05,as_received,4.99,25.0,2639.943,0.04727
S05,as_received,4.99,25.0,5144.217,0.09454
S05,as_received,4.99,25.0,5613.093,0.14181
S05,as_received,4.99,25.0,5701.838,0.18908
S05,as_received,4.99,25.0,5810.73,0.23634
S05,as_received,4.99,25.0,5890.177,0.28361
S05,as_received,4.99,25.0,6053.57,0.33088
S05,as_received,4.99,25.0,6090.388,0.37815
S05,as_received,4.99,25.0,6259.514,0.42542
S05,as_received,4.99,25.0,6370.654,0.47269
S05,as_received,4.99,25.0,6422.0,0.51996
S05,as_received,4.99,25.0,6472.627,0.56723
S05,as_received,4.99,25.0,6587.595,0.6145
S05,as_received,4.99,25.0,6625.492,0.66176
S05,as_received,4.99,25.0,6758.079,0.70903
S05,as_received,4.99,25.0,6691.281,0.7563
S05,as_received,4.99,25.0,6829.77,0.80357
S05,as_received,4.99,25.0,6811.222,0.85084
S05,as_received,4.99,25.0,6894.992,0.89811
S05,as_received,4.99,25.0,7091.585,0.94538
S05,as_received,4.99,25.0,7122.896,0.99265
S05,as_received,4.99,25.0,7095.704,1.03992
S05,as_received,4.99,25.0,7106.813,1.08718
S05,as_received,4.99,25.0,7082.471,1.13445
S05,as_received,4.99,25.0,7245.826,1.18172
S05,as_received,4.99,25.0,7433.672,1.22899
S05,as_received,4.99,25.0,7377.574,1.27626
S05,as_received,4.99,25.0,7368.063,1.32353
S05,as_received,4.99,25.0,7455.484,1.3708
S05,as_received,4.99,25.0,7392.051,1.41807
S05,as_received,4.99,25.0,7487.829,1.46534
S05,as_received,4.99,25.0,7539.676,1.51261
S05,as_received,4.99,25.0,7561.57,1.55987
S05,as_received,4.99,25.0,7633.997,1.60714
S05,as_received,4.99,25.0,7640.39,1.65441
S05,as_received,4.99,25.0,7683.135,1.70168
S05,as_received,4.99,25.0,7642.497,1.74895
S05,as_received,4.99,25.0,7744.567,1.79622
S05,as_received,4.99,25.0,7803.714,1.84349
S05,as_received,4.99,25.0,7698.976,1.89076
S05,as_received,4.99,25.0,7724.323,1.93803
S05,as_received,4.99,25.0,7853.375,1.98529
S05,as_received,4.99,25.0,7798.127,2.03256
S05,as_received,4.99,25.0,7894.646,2.07983
S05,as_received,4.99,25.0,7822.06,2.1271
S05,as_received,4.99,25.0,7931.713,2.17437
S05,as_received,4.99,25.0,7883.111,2.22164
S05,as_received,4.99,25.0,7904.681,2.26891
S05,as_received,4.99,25.0,7983.229,2.31618
S05,as_received,4.99,25.0,7903.044,2.36345
S05,as_received,4.99,25.0,7888.083,2.41071
S05,as_received,4.99,25.0,7924.919,2.45798
S05,as_received,4.99,25.0,7981.138,2.50525
S05,as_received,4.99,25.0,7894.089,2.55252
S05,as_received,4.99,25.0,8012.895,2.59979
S05,as_received,4.99,25.0,7965.969,2.64706
S05,as_received,4.99,25.0,8058.528,2.69433
S05,as_received,4.99,25.0,7894.99,2.7416
S05,as_received,4.99,25.0,7982.791,2.78887
S05,as_received,4.99,25.0,7947.573,2.83613
S05,as_received,4.99,25.0,7998.01,2.8834
S05,as_received,4.99,25.0,8058.511,2.93067
S05,as_received,4.99,25.0,8045.272,2.97794
S05,as_received,4.99,25.0,8048.931,3.02521
S05,as_received,4.99,25.0,8060.488,3.07248
S05,as_received,4.99,25.0,8084.849,3.11975
S05,as_received,4.99,25.0,8031.928,3.16702
S05,as_received,4.99,25.0,8121.839,3.21429
S05,as_received,4.99,25.0,8125.446,3.26155
S05,as_received,4.99,25.0,8117.377,3.30882
S05,as_received,4.99,25.0,8131.015,3.35609
S05,as_received,4.99,25.0,8123.311,3.40336
S05,as_received,4.99,25.0,8213.102,3.45063
S05,as_received,4.99,25.0,8113.913,3.4979
S05,as_received,4.99,25.0,8107.516,3.54517
S05,as_received,4.99,25.0,8089.849,3.59244
S05,as_received,4.99,25.0,8080.191,3.63971
S05,as_received,4.99,25.0,8073.605,3.68697
S05,as_received,4.99,25.0,8094.61,3.73424
S05,as_received,4.99,25.0,8138.06,3.78151
S05,as_received,4.99,25.0,8161.153,3.82878
S05,as_received,4.99,25.0,8150.453,3.87605
S05,as_received,4.99,25.0,8113.525,3.92332
S05,as_received,4.99,25.0,8197.827,3.97059
S05,as_received,4.99,25.0,8192.7,4.01786
S05,as_received,4.99,25.0,8151.351,4.06513
S05,as_received,4.99,25.0,8129.724,4.11239
S05,as_received,4.99,25.0,8190.835,4.15966
S05,as_received,4.99,25.0,8175.479,4.20693
S05,as_received,4.99,25.0,8097.652,4.2542
S05,as_received,4.99,25.0,8167.194,4.30147
S05,as_received,4.99,25.0,8185.3,4.34874
S05,as_received,4.99,25.0,8130.382,4.39601
S05,as_received,4.99,25.0,8185.446,4.44328
S05,as_received,4.99,25.0,8106.75,4.49055
S05,as_received,4.99,25.0,8244.841,4.53782
S05,as_received,4.99,25.0,8242.087,4.58508
S05,as_received,4.99,25.0,8160.193,4.63235
S05,as_received,4.99,25.0,8146.582,4.67962
S05,as_received,4.99,25.0,7951.143,4.72689
S05,as_received,4.99,25.0,7941.236,4.77416
S05,as_received,4.99,25.0,7903.047,4.82143
S05,as_received,4.99,25.0,7776.79,4.8687
S05,as_received,4.99,25.0,7769.001,4.91597
S05,as_received,4.99,25.0,7730.328,4.96324
S05,as_received,4.99,25.0,7468.018,5.0105
S05,as_received,4.99,25.0,7372.146,5.05777
S05,as_received,4.99,25.0,7307.177,5.10504
S05,as_received,4.99,25.0,7252.329,5.15231
S05,as_received,4.99,25.0,6987.26,5.19958
S05,as_received,4.99,25.0,6928.452,5.24685
S05,as_received,4.99,25.0,6870.554,5.29412
S05,as_received,4.99,25.0,6562.134,5.34139
S05,as_received,4.99,25.0,6437.941,5.38866
S05,as_received,4.99,25.0,6333.987,5.43592
S05,as_received,4.99,25.0,6179.932,5.48319
S05,as_received,4.99,25.0,6092.477,5.53046
S05,as_received,4.99,25.0,5908.709,5.57773
S05,as_received,4.99,25.0,5651.137,5.625
